-- phpMyAdmin SQL Dump
-- version 3.4.5
-- http://www.phpmyadmin.net
--
-- Host: localhost
-- Generato il: Ago 26, 2016 alle 16:48
-- Versione del server: 5.5.16
-- Versione PHP: 5.3.8

SET SQL_MODE="NO_AUTO_VALUE_ON_ZERO";
SET time_zone = "+00:00";


/*!40101 SET @OLD_CHARACTER_SET_CLIENT=@@CHARACTER_SET_CLIENT */;
/*!40101 SET @OLD_CHARACTER_SET_RESULTS=@@CHARACTER_SET_RESULTS */;
/*!40101 SET @OLD_COLLATION_CONNECTION=@@COLLATION_CONNECTION */;
/*!40101 SET NAMES utf8 */;

--
-- Database: `fram_disit_db`
--

-- --------------------------------------------------------

--
-- Struttura della tabella `aspect`
--

CREATE TABLE IF NOT EXISTS `aspect` (
  `id` int(11) NOT NULL AUTO_INCREMENT,
  `label` text,
  `idModel` int(11) NOT NULL,
  PRIMARY KEY (`id`),
  KEY `idModel` (`idModel`)
) ENGINE=InnoDB  DEFAULT CHARSET=latin1 AUTO_INCREMENT=784 ;

--
-- Dump dei dati per la tabella `aspect`
--

INSERT INTO `aspect` (`id`, `label`, `idModel`) VALUES
(14, 'not_described', 9),
(15, 'patient_discharged', 9),
(16, 'epicrisis', 9),
(17, 'Function_Input', 10),
(18, 'Function_Output', 10),
(19, 'Function_Precondition', 10),
(20, 'Function_Resource', 10),
(21, 'Function_Time', 10),
(22, 'Function_Control', 10),
(92, 'Strategic_plan', 12),
(93, 'Service_delivery_plan', 12),
(94, 'Service_performance', 12),
(95, 'Risk_assessment_report', 12),
(96, 'Operation_HR_plan', 12),
(97, 'Service_Safety_Security_performance', 12),
(98, 'Operation_Critical_event_detection', 12),
(99, 'Emergency_response_data', 12),
(100, 'System_Sustained_adaptability_insights', 12),
(101, 'Event_analysis_insights', 12),
(102, 'Emergency_response_plan', 12),
(103, 'Install_Mantainance_requirements', 12),
(104, 'Energy_Supply_delivery_performance', 12),
(105, 'Operation_performance_monitoring_data', 12),
(106, 'Operation_requirements', 12),
(107, 'Operation_Restore_service_request', 12),
(108, 'Operation_restored/repaired', 12),
(109, 'Safety_regulation', 12),
(110, 'Training_staff_requirements', 12),
(111, 'Service_improvement_plan', 12),
(112, 'Safety_Security_performance_data', 12),
(113, 'Service_sustained_adaptability_improvement_insights', 12),
(114, 'User_feedback', 12),
(115, 'Infrastructure_restored_repaired', 12),
(116, 'Infrastructure_restore_request', 12),
(117, 'Operation_restore/repair_performance_data', 12),
(118, 'Infrastructure_restore/repair_performance_data', 12),
(119, 'Training_performance_data', 12),
(120, 'User_generated_service_improvement_suggestions', 12),
(121, 'User_generated_critical event_detection', 12),
(122, 'Infrastructure_Critical_event_detection', 12),
(123, 'Operation_plan', 12),
(124, 'official_risk_warning', 12),
(125, 'Energy_supply_report', 12),
(126, 'User_behaviour', 12),
(127, 'Emergency_HR_request', 12),
(128, 'Emergency_response_status', 12),
(129, 'Safety_security_critical_event_detection', 12),
(130, 'Infrastructure performance', 12),
(131, 'Resource_supplied_Critical_event_detection', 12),
(132, 'ICT_resource_performance', 12),
(133, 'Operation_restore/repair_status', 12),
(134, 'Operation_Restore_service_plan', 12),
(135, 'Infrastructure_resotore/repair_plan', 12),
(136, 'Service', 12),
(137, 'Human_resources_availability', 12),
(138, 'Infrastrucutre_installed_mantained', 12),
(139, 'Safety_Security_control', 12),
(140, 'Budget', 12),
(141, 'Procedures', 12),
(142, 'Supply_resources', 12),
(143, 'Restore_timing_plan', 12),
(144, 'Emergency_respond_timing', 12),
(145, 'Supply_status', 12),
(146, 'Energy_delivery', 12),
(147, 'ICT_infrastructures', 12),
(148, 'Laws', 12),
(149, 'Standards', 12),
(150, 'Revenues', 12),
(151, 'Funds', 12),
(152, 'Infrastructure_status', 12),
(153, 'Infrastructure_restored_repaired_status', 12),
(154, 'Restore_infrastructure_timing_plan', 12),
(155, 'Service_status', 12),
(156, 'Early_warnings', 12),
(157, 'Staff_trained', 12),
(158, 'SLA', 12),
(159, 'ICT_installed_mantained', 12),
(160, 'User_behaviour_data', 12),
(162, 'Request For a Book', 14),
(163, 'Book found', 14),
(164, 'Librarian Supervision', 14),
(165, 'Book present in the Archives', 14),
(181, 'Test_Result', 18),
(182, 'Referral_to_surgeons', 18),
(183, 'Epicrisis', 18),
(184, 'Test_result_x_rays', 18),
(185, 'Test_result_pathology', 18),
(186, 'Further_referral', 18),
(187, 'Patient_data', 18),
(188, 'Staffing', 18),
(189, 'number_of_patients', 18),
(190, 'cancer_program', 18),
(191, 'secretary''s_work_routine', 18),
(192, 'doctor_own_system', 18),
(193, 'the_good_epicrisis', 18),
(194, 'Test_Result', 19),
(195, 'Referral_to_surgeons', 19),
(196, 'Epicrisis', 19),
(197, 'Test_result_x_rays', 19),
(198, 'Test_result_pathology', 19),
(199, 'Further_referral', 19),
(200, 'Patient_data', 19),
(201, 'Patient_data', 19),
(202, 'Patient_data', 19),
(203, 'Patient_data', 19),
(204, 'Staffing', 19),
(205, 'number_of_patients', 19),
(206, 'cancer_program', 19),
(207, 'secretary''s_work_routine', 19),
(208, 'doctor_own_system', 19),
(209, 'the_good_epicrisis', 19),
(245, 'Richiesta intervento', 22),
(246, 'Attiva Vergato', 22),
(247, 'Attiva Porretta', 22),
(248, 'Attiva Centrale', 22),
(249, 'Personale presente', 22),
(250, 'Competenza', 22),
(251, 'Esperienza', 22),
(252, 'Corso S.O.', 22),
(253, 'Lista Mezzi Disponibile', 22),
(254, 'Ordine Servizio Disponibile', 22),
(271, 'Strategic_plan', 24),
(272, 'Service_delivery_plan', 24),
(273, 'Service_performance', 24),
(274, 'Risk_assessment_report', 24),
(275, 'Operation_HR_plan', 24),
(276, 'Service_Safety_Security_performance', 24),
(277, 'Operation_Critical_event_detection', 24),
(278, 'Emergency_response_data', 24),
(279, 'System_Sustained_adaptability_insights', 24),
(280, 'Event_analysis_insights', 24),
(281, 'Emergency_response_plan', 24),
(282, 'Install_Mantainance_requirements', 24),
(283, 'Energy_Supply_delivery_performance', 24),
(284, 'Operation_performance_monitoring_data', 24),
(285, 'Operation_requirements', 24),
(286, 'Operation_Restore_service_request', 24),
(287, 'Operation_restored/repaired', 24),
(288, 'Safety_regulation', 24),
(289, 'Training_staff_requirements', 24),
(290, 'Service_improvement_plan', 24),
(291, 'Safety_Security_performance_data', 24),
(292, 'Service_sustained_adaptability_improvement_insights', 24),
(293, 'User_feedback', 24),
(294, 'Infrastructure_restored_repaired', 24),
(295, 'Infrastructure_restore_request', 24),
(296, 'Operation_restore/repair_performance_data', 24),
(297, 'Infrastructure_restore/repair_performance_data', 24),
(298, 'Training_performance_data', 24),
(299, 'User_generated_service_improvement_suggestions', 24),
(300, 'User_generated_critical event_detection', 24),
(301, 'Infrastructure_Critical_event_detection', 24),
(302, 'Operation_plan', 24),
(303, 'official_risk_warning', 24),
(304, 'Energy_supply_report', 24),
(305, 'User_behaviour', 24),
(306, 'Emergency_HR_request', 24),
(307, 'Emergency_response_status', 24),
(308, 'Safety_security_critical_event_detection', 24),
(309, 'Infrastructure performance', 24),
(310, 'Resource_supplied_Critical_event_detection', 24),
(311, 'ICT_resource_performance', 24),
(312, 'Operation_restore/repair_status', 24),
(313, 'Operation_Restore_service_plan', 24),
(314, 'Infrastructure_resotore/repair_plan', 24),
(315, 'Service', 24),
(316, 'Human_resources_availability', 24),
(317, 'Infrastrucutre_installed_mantained', 24),
(318, 'Safety_Security_control', 24),
(319, 'Budget', 24),
(320, 'Procedures', 24),
(321, 'Supply_resources', 24),
(322, 'Restore_timing_plan', 24),
(323, 'Emergency_respond_timing', 24),
(324, 'Supply_status', 24),
(325, 'Energy_delivery', 24),
(326, 'ICT_infrastructures', 24),
(327, 'Laws', 24),
(328, 'Standards', 24),
(329, 'Revenues', 24),
(330, 'Funds', 24),
(331, 'Infrastructure_status', 24),
(332, 'Infrastructure_restored_repaired_status', 24),
(333, 'Restore_infrastructure_timing_plan', 24),
(334, 'Service_status', 24),
(335, 'Early_warnings', 24),
(336, 'Staff_trained', 24),
(337, 'SLA', 24),
(338, 'ICT_installed_mantained', 24),
(339, 'User_behaviour_data', 24),
(355, 'Milk Selected', 25),
(356, 'Coffee selected', 25),
(357, 'Milk ready', 25),
(358, 'Coffee ready', 25),
(359, 'Coin entered', 25),
(360, 'Less Coin', 25),
(361, 'Output Message', 25),
(362, 'NON Rilevato', 25),
(363, 'NON salvato', 25),
(364, 'NON Salvato?', 25),
(365, 'Coin Entered', 25),
(366, 'trained worker', 25),
(367, 'Machine Checked', 25),
(368, 'Objective', 26),
(369, 'S1_2', 26),
(370, 'F2_E', 26),
(371, 'S2_1', 26),
(383, 'S1_2', 27),
(384, 'S1_2', 27),
(385, 'S1_3', 27),
(386, 'S3_2', 27),
(387, 'S3_E', 27),
(388, 'SE_3', 27),
(389, 'Objective', 27),
(390, 'ToSmartDS', 27),
(409, 'SendTeam1', 13),
(410, 'Strategic_plan', 31),
(411, 'Service_delivery_plan', 31),
(412, 'Service_performance', 31),
(413, 'Risk_assessment_report', 31),
(414, 'Operation_HR_plan', 31),
(415, 'Service_Safety_Security_performance', 31),
(416, 'Operation_Critical_event_detection', 31),
(417, 'Emergency_response_data', 31),
(418, 'System_Sustained_adaptability_insights', 31),
(419, 'Event_analysis_insights', 31),
(420, 'Emergency_response_plan', 31),
(421, 'Install_Mantainance_requirements', 31),
(422, 'Energy_Supply_delivery_performance', 31),
(423, 'Operation_performance_monitoring_data', 31),
(424, 'Operation_requirements', 31),
(425, 'Operation_Restore_service_request', 31),
(426, 'Operation_restored/repaired', 31),
(427, 'Safety_regulation', 31),
(428, 'Training_staff_requirements', 31),
(429, 'Service_improvement_plan', 31),
(430, 'Safety_Security_performance_data', 31),
(431, 'Service_sustained_adaptability_improvement_insights', 31),
(432, 'User_feedback', 31),
(433, 'Infrastructure_restored_repaired', 31),
(434, 'Infrastructure_restore_request', 31),
(435, 'Operation_restore/repair_performance_data', 31),
(436, 'Infrastructure_restore/repair_performance_data', 31),
(437, 'Training_performance_data', 31),
(438, 'User_generated_service_improvement_suggestions', 31),
(439, 'User_generated_critical event_detection', 31),
(440, 'Infrastructure_Critical_event_detection', 31),
(441, 'Operation_plan', 31),
(442, 'official_risk_warning', 31),
(443, 'Energy_supply_report', 31),
(444, 'User_behaviour', 31),
(445, 'Emergency_HR_request', 31),
(446, 'Emergency_response_status', 31),
(447, 'Safety_security_critical_event_detection', 31),
(448, 'Infrastructure performance', 31),
(449, 'Resource_supplied_Critical_event_detection', 31),
(450, 'ICT_resource_performance', 31),
(451, 'Operation_restore/repair_status', 31),
(452, 'Operation_Restore_service_plan', 31),
(453, 'Infrastructure_resotore/repair_plan', 31),
(454, 'Service', 31),
(455, 'Human_resources_availability', 31),
(456, 'Infrastrucutre_installed_mantained', 31),
(457, 'Safety_Security_control', 31),
(458, 'Budget', 31),
(459, 'Procedures', 31),
(460, 'Supply_resources', 31),
(461, 'Restore_timing_plan', 31),
(462, 'Emergency_respond_timing', 31),
(463, 'Supply_status', 31),
(464, 'Energy_delivery', 31),
(465, 'ICT_infrastructures', 31),
(466, 'Laws', 31),
(467, 'Standards', 31),
(468, 'Revenues', 31),
(469, 'Funds', 31),
(470, 'Infrastructure_status', 31),
(471, 'Infrastructure_restored_repaired_status', 31),
(472, 'Restore_infrastructure_timing_plan', 31),
(473, 'Service_status', 31),
(474, 'Early_warnings', 31),
(475, 'Staff_trained', 31),
(476, 'SLA', 31),
(477, 'ICT_installed_mantained', 31),
(478, 'User_behaviour_data', 31),
(483, 'Avviso incidente', 21),
(484, 'Avvisa 118', 21),
(485, 'Avvisa 112', 21),
(486, 'squadra disponibile', 21),
(487, 'squadra pronta', 21),
(488, 'Squadra 118 operativa', 21),
(489, 'squadra disponibile', 21),
(490, 'Termine intervento', 21),
(491, 'Rapporto Intervento 115', 21),
(492, 'Rapporto Intervento 118', 21),
(493, 'Avvisa 115 - per incidente stradale', 21),
(494, 'Avvisa 115 - per altro intervento', 21),
(495, 'Supporto Disponibile', 21),
(496, '118 - Auto Medica Disponibile', 21),
(497, '115 - Richiesta sospensione.', 21),
(498, 'Rapporto 112', 21),
(503, 'Help request', 34),
(504, 'Hot Zone', 34),
(505, 'Several Tweets', 34),
(506, 'Emergency', 34),
(578, 'Objective', 35),
(579, 'S1_2', 35),
(580, 'F2_E', 35),
(581, 'S2_1', 35),
(582, 'Aaa', 35),
(652, 'S1_2', 37),
(653, 'S1_2', 37),
(654, 'S1_3', 37),
(655, 'S3_2', 37),
(656, 'S3_E', 37),
(657, 'SE_3', 37),
(658, 'Objective', 37),
(659, 'ToSmartDS', 37),
(662, 'Emergency Call', 33),
(663, 'Units present', 33),
(664, 'Mobilize 115', 33),
(665, 'Operation complete', 33),
(666, 'Unit Available', 32),
(667, 'Team activated', 32),
(668, 'Send Team', 32),
(669, 'Call Received', 32),
(670, 'Veichles Available', 32),
(671, 'Call Received', 38),
(672, 'Sensor Data Acquired', 38),
(673, 'Rescue Call', 38),
(674, 'Rescue Feasibility', 38),
(675, 'Personnel', 38),
(676, 'Vehicles', 38),
(677, 'Radio Work', 38),
(678, 'GPS Work', 38),
(679, 'Activation Time', 38),
(680, 'Irreversible Time', 38),
(681, 'Trained Personnel', 38),
(682, 'Vehicles Checked', 38),
(697, 'Objective', 29),
(698, 'TimeDelay', 29),
(699, 'Supervised', 29),
(700, 'aaaa', 29),
(701, 'Strategic_plan', 36),
(702, 'Service_delivery_plan', 36),
(703, 'Service_performance', 36),
(704, 'Risk_assessment_report', 36),
(705, 'Operation_HR_plan', 36),
(706, 'Service_Safety_Security_performance', 36),
(707, 'Operation_Critical_event_detection', 36),
(708, 'Emergency_response_data', 36),
(709, 'System_Sustained_adaptability_insights', 36),
(710, 'Event_analysis_insights', 36),
(711, 'Emergency_response_plan', 36),
(712, 'Install_Mantainance_requirements', 36),
(713, 'Energy_Supply_delivery_performance', 36),
(714, 'Operation_performance_monitoring_data', 36),
(715, 'Operation_requirements', 36),
(716, 'Operation_Restore_service_request', 36),
(717, 'Operation_restored/repaired', 36),
(718, 'Safety_regulation', 36),
(719, 'Training_staff_requirements', 36),
(720, 'Service_improvement_plan', 36),
(721, 'Safety_Security_performance_data', 36),
(722, 'Service_sustained_adaptability_improvement_insights', 36),
(723, 'User_feedback', 36),
(724, 'Infrastructure_restored_repaired', 36),
(725, 'Infrastructure_restore_request', 36),
(726, 'Operation_restore/repair_performance_data', 36),
(727, 'Infrastructure_restore/repair_performance_data', 36),
(728, 'Training_performance_data', 36),
(729, 'User_generated_service_improvement_suggestions', 36),
(730, 'User_generated_critical event_detection', 36),
(731, 'Infrastructure_Critical_event_detection', 36),
(732, 'Operation_plan', 36),
(733, 'official_risk_warning', 36),
(734, 'Energy_supply_report', 36),
(735, 'User_behaviour', 36),
(736, 'Emergency_HR_request', 36),
(737, 'Emergency_response_status', 36),
(738, 'Safety_security_critical_event_detection', 36),
(739, 'Infrastructure performance', 36),
(740, 'Resource_supplied_Critical_event_detection', 36),
(741, 'ICT_resource_performance', 36),
(742, 'Operation_restore/repair_status', 36),
(743, 'Operation_Restore_service_plan', 36),
(744, 'Infrastructure_resotore/repair_plan', 36),
(745, 'Service', 36),
(746, 'Human_resources_availability', 36),
(747, 'Infrastrucutre_installed_mantained', 36),
(748, 'Safety_Security_control', 36),
(749, 'Budget', 36),
(750, 'Procedures', 36),
(751, 'Supply_resources', 36),
(752, 'Restore_timing_plan', 36),
(753, 'Emergency_respond_timing', 36),
(754, 'Supply_status', 36),
(755, 'Energy_delivery', 36),
(756, 'ICT_infrastructures', 36),
(757, 'Laws', 36),
(758, 'Standards', 36),
(759, 'Revenues', 36),
(760, 'Funds', 36),
(761, 'Infrastructure_status', 36),
(762, 'Infrastructure_restored_repaired_status', 36),
(763, 'Restore_infrastructure_timing_plan', 36),
(764, 'Service_status', 36),
(765, 'Early_warnings', 36),
(766, 'Staff_trained', 36),
(767, 'SLA', 36),
(768, 'ICT_installed_mantained', 36),
(769, 'User_behaviour_data', 36),
(770, 'Call Received', 39),
(771, 'Sensor Data Acquired', 39),
(772, 'Rescue Call', 39),
(773, 'Rescue Feasibility', 39),
(774, 'Personnel', 39),
(775, 'Vehicles', 39),
(776, 'Radio Work', 39),
(777, 'GPS Work', 39),
(778, 'Activation Time', 39),
(779, 'Irreversible Time', 39),
(780, 'Trained Personnel', 39),
(781, 'Vehicles Checked', 39),
(782, 'Test', 39),
(783, 'Uscita', 39);

-- --------------------------------------------------------

--
-- Struttura della tabella `criteria`
--

CREATE TABLE IF NOT EXISTS `criteria` (
  `id` int(11) NOT NULL,
  `position` text NOT NULL,
  `description` text NOT NULL,
  `idModel` int(11) NOT NULL
) ENGINE=InnoDB DEFAULT CHARSET=latin1;

--
-- Dump dei dati per la tabella `criteria`
--

INSERT INTO `criteria` (`id`, `position`, `description`, `idModel`) VALUES
(1, 'C0', 'Open Restaurant', 1),
(2, 'C1', 'Other restaurant near', 1),
(3, 'C11', 'Restaurant within 500m', 1),
(4, 'C12', 'Restaurant from 500m to 1Km', 1),
(5, 'C2', 'Parking', 1),
(6, 'C21', 'Parking dimension', 1),
(7, 'C22', 'Parking Type', 1),
(8, 'C221', 'Free', 1),
(9, 'C222', 'Paid', 1),
(10, 'C3', 'Persons flow', 1),
(11, 'C31', 'TPL flow', 1),
(12, 'C32', 'Traffic Flow', 1),
(13, 'C321', 'Day', 1),
(14, 'C322', 'Night', 1),
(15, 'C4', 'Leisure activity', 1),
(16, 'C41', 'Cinema', 1),
(17, 'C42', 'Theatre', 1),
(18, 'C43', 'Pub', 1),
(19, 'C0', 'Change position of a bus stop', 5),
(20, 'C1', 'Keep originary route', 5),
(21, 'C11', 'Distance from previous bus stop', 5),
(22, 'C12', 'Same street of previous bus stop', 5),
(23, 'C2', 'Issues new bus stop', 5),
(24, 'C21', 'Works presence', 5),
(25, 'C22', 'Width of the street', 5),
(26, 'C23', 'waste collection point', 5),
(27, 'C3', 'Traffic Flow', 5),
(28, 'C31', 'Car flow', 5),
(29, 'C311', 'Sensor data', 5),
(30, 'C312', 'Citizens Opinion', 5),
(31, 'C313', 'Public Administration Opinion', 5),
(32, 'C32', 'TPL flow', 5),
(33, 'C321', 'Sensor data', 5),
(34, 'C322', 'Public Administration Opinion', 5),
(35, 'C4', 'near POI', 5),
(36, 'C41', 'Shopping mall', 5),
(37, 'C411', 'Sensor data', 5),
(38, 'C412', 'Citizens Opinion', 5),
(39, 'C42', 'Hospital', 5),
(40, 'C43', 'University', 5),
(41, 'C44', 'School', 5),
(42, 'C5', 'Presence of TLZ', 5),
(43, 'C6', 'Inclusion in existing bus stop', 5),
(44, 'C61', 'High number of line in existing bus stop', 5),
(45, 'C62', 'Near business activity (100m)', 5);

-- --------------------------------------------------------

--
-- Struttura della tabella `framgroup`
--

CREATE TABLE IF NOT EXISTS `framgroup` (
  `id` int(11) NOT NULL AUTO_INCREMENT,
  `name` text,
  `description` text NOT NULL,
  `x` int(11) NOT NULL DEFAULT '0',
  `y` int(11) NOT NULL DEFAULT '0',
  `color` varchar(20) NOT NULL DEFAULT '#fff',
  `idModel` int(11) NOT NULL,
  PRIMARY KEY (`id`),
  KEY `ModelIndex` (`idModel`)
) ENGINE=InnoDB  DEFAULT CHARSET=latin1 AUTO_INCREMENT=47 ;

--
-- Dump dei dati per la tabella `framgroup`
--

INSERT INTO `framgroup` (`id`, `name`, `description`, `x`, `y`, `color`, `idModel`) VALUES
(14, 'Manage', 'No Description provided', 65, -77, '#0000ff', 24),
(15, 'Monitor', 'No Description provided', 1258, 345, '#80ff00', 24),
(16, 'Restore', 'No Description provided', -140, 694, '#ff8040', 24),
(17, 'Supply', 'No Description provided', 480, -335, '#000000', 24),
(20, 'Display Behavior', 'No Description provided', 880, 143, '#00e100', 25),
(21, 'Machine Managment', 'The group that handle the machine.', 126, 107, '#f47a00', 25),
(26, 'Coffee Machine Behaviour', 'No Description provided', 555, 285, '#004080', 25),
(28, 'Make Milk', 'No Description provided', 604, 95, '#000000', 25),
(29, 'Make coffee', 'No Description provided', 739, 341, '#804040', 25),
(30, '115', 'Gestione intervento 115', 545, -70, '#ff0000', 21),
(31, '118', 'Gestione interna del 118', 481, 614, '#ffff00', 21),
(33, 'ResilienceDS', 'ResilienceDS Emergency model', 463, 264, '#ff0000', 34),
(38, 'Rescue Mngmt', 'Management of the 115 team', 391, 281, '#cc0000', 33),
(40, 'New Group', 'No Description provided', 928, 201, '#ff8000', 29),
(41, 'New Group', 'No Description provided', 1193, 633, '#68c47c', 29),
(42, 'General Supply', 'Supply MFF', -224, 844, '#000000', 36),
(43, 'Monitor Processes', 'Management of monitor processes\n', -400, 27, '#00e800', 36),
(44, 'General Management', 'MMF for the management\n', 905, -6, '#16b9e9', 36),
(45, 'Restore Functions', 'MFF for all the restore functions', 1396, 1018, '#ff0080', 36),
(46, 'New Group', 'No Description provided', 420, 143, '#000000', 39);

-- --------------------------------------------------------

--
-- Struttura della tabella `framgroup_function`
--

CREATE TABLE IF NOT EXISTS `framgroup_function` (
  `idGroup` int(11) NOT NULL,
  `idFunction` int(11) NOT NULL,
  PRIMARY KEY (`idGroup`,`idFunction`),
  KEY `idFunction` (`idFunction`)
) ENGINE=InnoDB DEFAULT CHARSET=latin1;

--
-- Dump dei dati per la tabella `framgroup_function`
--

INSERT INTO `framgroup_function` (`idGroup`, `idFunction`) VALUES
(15, 96),
(14, 97),
(16, 102),
(14, 103),
(15, 104),
(14, 108),
(17, 110),
(15, 111),
(14, 112),
(17, 114),
(16, 115),
(15, 116),
(15, 117),
(26, 120),
(28, 121),
(29, 122),
(20, 123),
(21, 128),
(31, 144),
(30, 145),
(30, 146),
(33, 186),
(33, 187),
(33, 188),
(33, 189),
(33, 190),
(38, 260),
(38, 261),
(41, 274),
(40, 275),
(41, 276),
(41, 277),
(41, 278),
(44, 280),
(43, 282),
(44, 283),
(44, 284),
(44, 285),
(44, 286),
(45, 287),
(45, 288),
(44, 289),
(43, 290),
(44, 293),
(44, 294),
(44, 295),
(42, 296),
(43, 297),
(44, 298),
(42, 299),
(42, 300),
(45, 301),
(43, 302),
(43, 303),
(42, 304),
(46, 308),
(46, 309);

-- --------------------------------------------------------

--
-- Struttura della tabella `framgroup_hierarchy`
--

CREATE TABLE IF NOT EXISTS `framgroup_hierarchy` (
  `idGroup_father` int(11) NOT NULL,
  `idGroup_child` int(11) NOT NULL,
  PRIMARY KEY (`idGroup_father`,`idGroup_child`),
  KEY `idGroup_child` (`idGroup_child`)
) ENGINE=InnoDB DEFAULT CHARSET=latin1;

--
-- Dump dei dati per la tabella `framgroup_hierarchy`
--

INSERT INTO `framgroup_hierarchy` (`idGroup_father`, `idGroup_child`) VALUES
(26, 28),
(26, 29),
(40, 41);

-- --------------------------------------------------------

--
-- Struttura della tabella `function`
--

CREATE TABLE IF NOT EXISTS `function` (
  `id` int(11) NOT NULL AUTO_INCREMENT,
  `name` text,
  `description` text NOT NULL,
  `x` int(11) NOT NULL DEFAULT '0',
  `y` int(11) NOT NULL DEFAULT '0',
  `color` varchar(20) NOT NULL DEFAULT '#fff',
  `type` int(11) NOT NULL,
  `idModel` int(11) NOT NULL,
  PRIMARY KEY (`id`),
  KEY `ModelIndex` (`idModel`)
) ENGINE=InnoDB  DEFAULT CHARSET=latin1 AUTO_INCREMENT=310 ;

--
-- Dump dei dati per la tabella `function`
--

INSERT INTO `function` (`id`, `name`, `description`, `x`, `y`, `color`, `type`, `idModel`) VALUES
(47, 'Define procedures', 'Define operational procedures according to risk assessment and ex-post event anlaysis (learning)', 271, 554, '#01A6DB', 0, 12),
(48, 'Supply  Resources', 'Supply  energy, goods, services, raw materials, etc.', 396, 15, '#000000', 0, 12),
(49, 'Monitor Resource availability', '', 497, 116, '#17BD01', 0, 12),
(50, 'Manage ICT  resources', 'Provide communications services to support critical infrastructure operation and management', 308, 165, '#01A6DB', 0, 12),
(51, 'Regulate domain and operation', 'It includes EU, national and local laws,  safety regulation, standards, ordinance,', 1051, 103, '#000000', 0, 12),
(52, 'Supply financial resources', '', 2, 170, '#000000', 2, 12),
(53, 'Restore/repair physical infrastructure', '', 1076, 364, '#E50000', 0, 12),
(54, 'Monitor physical infrastructure', 'This includes eletrcity network, roads network, oil pipline,  buildings, etc.', 873, 190, '#17BD01', 0, 12),
(55, 'Monitor user generated feedback', 'User behaviour,  perception,  feedback', 490, 670, '#17BD01', 0, 12),
(56, 'Provide risk warning', 'This funtion includes events like weather conditions, manifestations,', 175, 63, '#000000', 2, 12),
(57, 'VVF S.O.', 'Operative Room of Fire Fighters.', 384, 175, '#ff0006', 0, 13),
(58, 'Team1 operative', 'No Description provided', 989, 312, '#ff0000', 0, 13),
(59, '118 S.O.', 'No Description provided', 529, 422, '#e4e8e9', 0, 13),
(60, '112 S.O.', 'No Description provided', 757, 180, '#0000ff', 0, 13),
(61, '113 S.O.', 'No Description provided', 102, 355, '#000000', 0, 13),
(62, 'Retrieving Books ', 'Exampel of book lending by a library.\n', 415, 222, '#80ff00', 0, 14),
(63, 'Books request', 'No Description provided', -4, 58, '#ff0000', 0, 14),
(64, 'Updating Archives ', 'No Description provided', 1, 384, '#000000', 0, 14),
(65, 'Book Lending', 'No Description provided', 782, 223, '#0000ff', 0, 14),
(66, 'Updating BiblioBus', 'Update the bibliobus books list.', 394, 430, '#000000', 0, 14),
(71, 'Respond to test result', '', 154, 227, '#FFFFFF', 0, 18),
(72, 'Assess the patient', '', 488, 224, '#000000', 1, 18),
(73, 'Obtain electronic patient data', '', 185, 420, '#0000FF', 2, 18),
(74, 'Respond to test result', 'null', 154, 227, '#FFFFFF', 0, 19),
(75, 'Assess the patient', 'null', 488, 224, '#000000', 1, 19),
(76, 'Obtain electronic patient data', 'null', 185, 420, '#0000FF', 2, 19),
(77, 'Doctor Decision', 'Doctor response after the analysis of the result.', 740, 208, '#ff8000', 0, 19),
(78, 'Server room control', 'Control of the server room.', 503, 440, '#80ff80', 0, 19),
(88, 'S.O. Centrale', 'Sala Operativa della centrale di Bologna.', 137, 212, '#0080c0', 0, 22),
(89, 'Vergato in soccorso', 'No Description provided', 677, 270, '#000', 0, 22),
(90, 'Porretta in movimento', 'No Description provided', 671, 71, '#000', 0, 22),
(91, 'Centrale in partenza', 'No Description provided', 696, 454, '#000', 0, 22),
(94, 'Develop Strategic Plan', 'Define the organizational intent, Forecast operational and management needs, and produce long-term allocation of resources accordingly', -255, -280, '#01A6DB', 0, 24),
(95, 'Deliver service', 'Deliver the service. execute operations', 368, 268, '#FFFFFF', 0, 24),
(96, 'Monitor Safety and Security', 'Monitor safety and security issues of the operations and service delivery', 1210, 360, '#17BD01', 0, 24),
(97, 'Manage financial affairs', 'Develop financial control and plan financial asstes in accordance to fiancial needs of the operation and financial obligations', 337, 312, '#01A6DB', 0, 24),
(98, 'Perform  Risk Assessment', 'Assess feasebility of financial plans and compliance with legal and operational obligations, assess operational risk', -392, 322, '#01A6DB', 0, 24),
(99, 'Train Staff', 'Train the employees as planned, including quality control of the training.', 955, 670, '#01A6DB', 0, 24),
(100, 'Coordinate Service delivery', 'Supervises  the entire service delivery, provides service plan, trigger the emergency, coordinate', 1001, -154, '#01A6DB', 0, 24),
(101, 'Respond to emergency', 'Respond to a system safety and security emergency,', 646, 807, '#E50000', 0, 24),
(102, 'Restore/Repair operations', 'rebuilding and repairement of equipments and assets', 530, 446, '#E50000', 0, 24),
(103, 'Manage human resources', 'Hire employees, manage turns, burnout and substitutions, assign tasks, manage organization knowledge', 269, 257, '#01A6DB', 0, 24),
(104, 'Monitor Operations', 'Monitor empolyees and service performance', 1295, 336, '#17BD01', 0, 24),
(105, 'Use of the service', 'null', 1699, 770, '#FFFFFF', 0, 24),
(106, 'Provide adaptation & improvement insights', 'learn from ex-post event analysis, de-briefing, daily operations and provide insights for system capacities adaptation, Keep operations record, Examine good practices', 292, 876, '#BAB727', 0, 24),
(107, 'Install/Mantain asstets', 'null', 1198, -334, '#01A6DB', 0, 24),
(108, 'Manage awareness & usage behaviour', 'Signalling, awareness, stakeholder communication, training, etc.', 292, 247, '#01A6DB', 0, 24),
(109, 'Define procedures', 'Define operational procedures according to risk assessment and ex-post event anlaysis (learning)', 1711, 71, '#01A6DB', 0, 24),
(110, 'Supply  Resources', 'Supply  energy, goods, services, raw materials, etc.', 364, 298, '#000000', 0, 24),
(111, 'Monitor Resource availability', 'null', 1206, 294, '#17BD01', 0, 24),
(112, 'Manage ICT  resources', 'Provide communications services to support critical infrastructure operation and management', 378, 281, '#01A6DB', 0, 24),
(113, 'Regulate domain and operation', 'It includes EU, national and local laws,  safety regulation, standards, ordinance,', 1749, 454, '#000000', 0, 24),
(114, 'Supply financial resources', 'null', 293, 345, '#000000', 2, 24),
(115, 'Restore/repair physical infrastructure', 'null', 536, 410, '#E50000', 0, 24),
(116, 'Monitor physical infrastructure', 'This includes eletrcity network, roads network, oil pipline,  buildings, etc.', 1191, 303, '#17BD01', 0, 24),
(117, 'Monitor user generated feedback', 'User behaviour,  perception,  feedback', 1209, 400, '#17BD01', 0, 24),
(118, 'Provide risk warning', 'This funtion includes events like weather conditions, manifestations,', 1445, -159, '#000000', 2, 24),
(119, 'Insert Coin', 'First Function for the model: Macchina Caffè - Esempio classico', 133, 400, '#eaea00', 0, 25),
(120, 'Selecting Drink', 'No Description provided', 269, 89, '#ff0000', 0, 25),
(121, 'Milk preparation', 'No Description provided', 595, -71, '#808080', 0, 25),
(122, 'Coffee Preparation', 'No Description provided', 768, 343, '#804040', 0, 25),
(123, 'Display Message', 'No Description provided', 1085, 106, '#74e800', 0, 25),
(128, 'Periodic Control', 'The Periodic Control of the machine.', 187, -282, '#ff8000', 0, 25),
(129, 'Starting Function', 'First Function for the model: Esempio Ciclo', 119, 194, '#000', 0, 26),
(130, 'Function_1', 'No Description provided', 411, 41, '#000', 0, 26),
(131, 'Objective', 'Functions to study', 687, 115, '#000000', 0, 26),
(138, 'Starting Function', 'First Function for the model: Test ciclo 2', 33, 211, '#000', 0, 27),
(139, 'End', 'Function End\n\n', 765, 129, '#000000', 0, 27),
(140, 'Function_2', 'No Description provided', 623, 445, '#000', 0, 27),
(141, 'Function_3_pro', 'test\n', 358, 133, '#000000', 0, 27),
(142, 'Gestione S.O.', 'S.O. unificata che in base alla richiesta decide che forze inviare.', -116, 335, '#00ff00', 0, 21),
(143, 'Azione 112', 'No Description provided', 287, 251, '#0000ff', 0, 21),
(144, 'Azione 118', 'No Description provided', 379, 328, '#ffff00', 0, 21),
(145, 'Azione 115', 'No Description provided', 549, 73, '#ff0000', 0, 21),
(146, '115 - Gestione squadre', 'No Description provided', 389, 127, '#ff0000', 0, 21),
(147, 'Conclusione intervento', 'Relazione finale di chiusura intervento', 1136, 258, '#40bf66', 0, 21),
(150, 'Starting Function', 'First Function for the model: New FRAM''s Model', 390, 307, '#000', 0, 30),
(151, 'Develop Strategic Plan', 'Define the organizational intent, Forecast operational and management needs, and produce long-term allocation of resources accordingly', 87, 367, '#01A6DB', 0, 31),
(152, 'Deliver service', 'Deliver the service. execute operations', 702, 418, '#FFFFFF', 0, 31),
(153, 'Monitor Safety and Security', 'Monitor safety and security issues of the operations and service delivery', 429, 359, '#17BD01', 0, 31),
(154, 'Manage financial affairs', 'Develop financial control and plan financial asstes in accordance to fiancial needs of the operation and financial obligations', 164, 261, '#01A6DB', 0, 31),
(155, 'Perform  Risk Assessment', 'Assess feasebility of financial plans and compliance with legal and operational obligations, assess operational risk', 166, 460, '#01A6DB', 0, 31),
(156, 'Train Staff', 'Train the employees as planned, including quality control of the training.', 955, 670, '#01A6DB', 0, 31),
(157, 'Coordinate Service delivery', 'Supervises  the entire service delivery, provides service plan, trigger the emergency, coordinate', 594, 263, '#01A6DB', 0, 31),
(158, 'Respond to emergency', 'Respond to a system safety and security emergency,', 646, 807, '#E50000', 0, 31),
(159, 'Restore/Repair operations', 'rebuilding and repairement of equipments and assets', 1102, 598, '#E50000', 0, 31),
(160, 'Manage human resources', 'Hire employees, manage turns, burnout and substitutions, assign tasks, manage organization knowledge', 871, 751, '#01A6DB', 0, 31),
(161, 'Monitor Operations', 'Monitor empolyees and service performance', 897, 475, '#17BD01', 0, 31),
(162, 'Use of the service', '', 565, 513, '#FFFFFF', 0, 31),
(163, 'Provide adaptation & improvement insights', 'learn from ex-post event analysis, de-briefing, daily operations and provide insights for system capacities adaptation, Keep operations record, Examine good practices', 313, 757, '#BAB727', 0, 31),
(164, 'Install/Mantain asstets', '', 698, 61, '#01A6DB', 0, 31),
(165, 'Manage awareness & usage behaviour', 'Signalling, awareness, stakeholder communication, training, etc.', 775, 645, '#01A6DB', 0, 31),
(166, 'Define procedures', 'Define operational procedures according to risk assessment and ex-post event anlaysis (learning)', 271, 554, '#01A6DB', 0, 31),
(167, 'Supply  Resources', 'Supply  energy, goods, services, raw materials, etc.', 396, 15, '#000000', 0, 31),
(168, 'Monitor Resource availability', '', 497, 116, '#17BD01', 0, 31),
(169, 'Manage ICT  resources', 'Provide communications services to support critical infrastructure operation and management', 308, 165, '#01A6DB', 0, 31),
(170, 'Regulate domain and operation', 'It includes EU, national and local laws,  safety regulation, standards, ordinance,', 1051, 103, '#000000', 0, 31),
(171, 'Supply financial resources', '', 2, 170, '#000000', 2, 31),
(172, 'Restore/repair physical infrastructure', '', 1076, 364, '#E50000', 0, 31),
(173, 'Monitor physical infrastructure', 'This includes eletrcity network, roads network, oil pipline,  buildings, etc.', 873, 190, '#17BD01', 0, 31),
(174, 'Monitor user generated feedback', 'User behaviour,  perception,  feedback', 490, 670, '#17BD01', 0, 31),
(175, 'Provide risk warning', 'This funtion includes events like weather conditions, manifestations,', 175, 63, '#000000', 2, 31),
(183, 'Twitter V', 'First Function for the model: General Behavior', 171, 116, '#0000ff', 0, 34),
(184, 'Rescue Call', 'No Description provided', 184, 421, '#ff8040', 0, 34),
(185, 'KM4CITY', 'No Description provided', 75, 263, '#00ff00', 0, 34),
(186, 'Function_4', 'No Description provided', 509, 236, '#000', 0, 34),
(187, 'Function_5', 'No Description provided', 497, 238, '#000', 0, 34),
(188, 'Function_6', 'No Description provided', 479, 226, '#000', 0, 34),
(189, 'Function_7', 'No Description provided', 503, 225, '#000', 0, 34),
(190, 'Function_8', 'No Description provided', 555, 238, '#000', 0, 34),
(224, 'Starting Function', 'First Function for the model: Esempio Ciclo', 168, 254, '#ff8040', 0, 35),
(225, 'Function_1', 'No Description provided', 411, 41, '#000', 0, 35),
(226, 'Objective', 'Functions to study', 687, 115, '#000000', 0, 35),
(227, 'Function_4', 'No Description provided', 96, 66, '#000', 0, 35),
(253, 'Starting Function', 'First Function for the model: Test ciclo 2', 33, 211, '#000', 0, 37),
(254, 'End', 'Function End\n\n', 765, 129, '#000000', 0, 37),
(255, 'Function_2', 'No Description provided', 623, 445, '#000', 0, 37),
(256, 'Function_3_pro', 'test\n', 358, 133, '#000000', 0, 37),
(258, 'O.R. Mngmt', 'Call managment by the operations room', 186, 281, '#00ff00', 0, 33),
(259, 'Closing Operation ', 'Close the operations for the emergency', 828, 288, '#008080', 0, 33),
(260, '115 Resource management', 'Units and veichles management for the 115', 441, 458, '#000000', 0, 33),
(261, '115 Action', '115 action to respond to the emergency', 629, 373, '#ff0000', 0, 33),
(262, 'Team Activation', 'First Function for the model: Emergency Managment', 644, 169, '#ff0000', 0, 32),
(263, 'Handling Team', 'Updates the resources of the team!', 917, 460, '#0000ff', 0, 32),
(264, 'Rescue calls handling', 'Operative Room, that handles the calls and the team to send', 227, 117, '#00ff00', 0, 32),
(265, 'Handling Veichles', 'Handling of the veichles', 341, 470, '#8080ff', 0, 32),
(266, 'Rescue Management', 'First Function for the model: General Emergency', 642, 205, '#ff0000', 0, 38),
(267, 'Call Handling', 'Handler for the incoming calls', 211, 219, '#00ff00', 0, 38),
(272, 'Starting Function', 'First Function for the model: Function with no inputs provided', 622, 161, '#ff8000', 0, 29),
(273, 'Function_1', 'No Description provided', 161, 383, '#008000', 0, 29),
(274, 'Function_3', 'No Description provided', 1378, 519, '#000', 0, 29),
(275, 'Function_4', 'No Description provided', 994, 247, '#000', 0, 29),
(276, 'Function_6', 'No Description provided', 1091, 690, '#000', 0, 29),
(277, 'Function_7', 'No Description provided', 1181, 530, '#000', 0, 29),
(278, 'Function_8', 'No Description provided', 1285, 698, '#000', 0, 29),
(279, 'Function_9', 'No Description provided', 500, 460, '#000', 0, 29),
(280, 'Develop Strategic Plan', 'Define the organizational intent, Forecast operational and management needs, and produce long-term allocation of resources accordingly', 806, 176, '#01A6DB', 0, 36),
(281, 'Deliver service', 'Deliver the service. execute operations', 1336, 365, '#FFFFFF', 0, 36),
(282, 'Monitor Safety and Security', 'Monitor safety and security issues of the operations and service delivery', -198, -140, '#17BD01', 0, 36),
(283, 'Manage financial affairs', 'Develop financial control and plan financial asstes in accordance to fiancial needs of the operation and financial obligations', 618, -26, '#01A6DB', 0, 36),
(284, 'Perform  Risk Assessment', 'Assess feasebility of financial plans and compliance with legal and operational obligations, assess operational risk', 960, 144, '#01A6DB', 0, 36),
(285, 'Train Staff', 'Train the employees as planned, including quality control of the training.', 615, 110, '#01A6DB', 0, 36),
(286, 'Coordinate Service delivery', 'Supervises  the entire service delivery, provides service plan, trigger the emergency, coordinate', 856, -176, '#01A6DB', 0, 36),
(287, 'Respond to emergency', 'Respond to a system safety and security emergency,', 1362, 1052, '#E50000', 0, 36),
(288, 'Restore/Repair operations', 'rebuilding and repairement of equipments and assets', 1629, 1184, '#E50000', 0, 36),
(289, 'Manage human resources', 'Hire employees, manage turns, burnout and substitutions, assign tasks, manage organization knowledge', 1023, 26, '#01A6DB', 0, 36),
(290, 'Monitor Operations', 'Monitor empolyees and service performance', -450, -40, '#17BD01', 0, 36),
(291, 'Use of the service', 'null', 532, 816, '#FFFFFF', 0, 36),
(292, 'Provide adaptation & improvement insights', 'learn from ex-post event analysis, de-briefing, daily operations and provide insights for system capacities adaptation, Keep operations record, Examine good practices', 313, 757, '#BAB727', 0, 36),
(293, 'Install/Mantain asstets', 'null', 1011, -117, '#01A6DB', 0, 36),
(294, 'Manage awareness & usage behaviour', 'Signalling, awareness, stakeholder communication, training, etc.', 592, -165, '#01A6DB', 0, 36),
(295, 'Define procedures', 'Define operational procedures according to risk assessment and ex-post event anlaysis (learning)', 803, 8, '#01A6DB', 0, 36),
(296, 'Supply  Resources', 'Supply  energy, goods, services, raw materials, etc.', -156, 823, '#000000', 0, 36),
(297, 'Monitor Resource availability', 'null', -222, 120, '#17BD01', 0, 36),
(298, 'Manage ICT  resources', 'Provide communications services to support critical infrastructure operation and management', 757, -145, '#01A6DB', 0, 36),
(299, 'Regulate domain and operation', 'It includes EU, national and local laws,  safety regulation, standards, ordinance,', -126, 1062, '#000000', 0, 36),
(300, 'Supply financial resources', 'null', -420, 1049, '#000000', 2, 36),
(301, 'Restore/repair physical infrastructure', 'null', 1294, 1286, '#E50000', 0, 36),
(302, 'Monitor physical infrastructure', 'This includes eletrcity network, roads network, oil pipline,  buildings, etc.', -356, -137, '#17BD01', 0, 36),
(303, 'Monitor user generated feedback', 'User behaviour,  perception,  feedback', -376, 130, '#17BD01', 0, 36),
(304, 'Provide risk warning', 'This funtion includes events like weather conditions, manifestations,', -556, 734, '#000000', 2, 36),
(305, 'Rescue Management', 'First Function for the model: General Emergency', 755, 470, '#ff0000', 0, 39),
(306, 'Call Handling', 'Handler for the incoming calls', 28, 291, '#ff8000', 0, 39),
(307, 'Function_2', 'No Description provided', 200, 583, '#000', 0, 39),
(308, 'Function_4', 'No Description provided', 322, 258, '#000', 0, 39),
(309, 'Function_5', 'No Description provided', 375, 127, '#000', 0, 39);

-- --------------------------------------------------------

--
-- Struttura della tabella `function_aspect`
--

CREATE TABLE IF NOT EXISTS `function_aspect` (
  `idFunction` int(11) NOT NULL,
  `idAspect` int(11) NOT NULL,
  `type` varchar(20) NOT NULL,
  PRIMARY KEY (`idFunction`,`idAspect`,`type`),
  KEY `idFunction` (`idFunction`),
  KEY `idAspect` (`idAspect`)
) ENGINE=InnoDB DEFAULT CHARSET=latin1;

--
-- Dump dei dati per la tabella `function_aspect`
--

INSERT INTO `function_aspect` (`idFunction`, `idAspect`, `type`) VALUES
(47, 95, 'Input'),
(47, 109, 'Resource'),
(47, 123, 'Input'),
(47, 141, 'Output'),
(48, 104, 'Output'),
(48, 142, 'Output'),
(48, 145, 'Output'),
(48, 146, 'Output'),
(49, 104, 'Input'),
(49, 123, 'Resource'),
(49, 125, 'Output'),
(49, 131, 'Output'),
(49, 132, 'Input'),
(49, 147, 'Resource'),
(49, 158, 'Resource'),
(50, 123, 'Input'),
(50, 132, 'Output'),
(50, 141, 'Control'),
(50, 142, 'Resource'),
(50, 147, 'Output'),
(50, 159, 'Precondition'),
(51, 109, 'Output'),
(51, 148, 'Output'),
(51, 149, 'Output'),
(52, 151, 'Output'),
(53, 115, 'Output'),
(53, 116, 'Input'),
(53, 118, 'Output'),
(53, 135, 'Output'),
(53, 137, 'Resource'),
(53, 153, 'Output'),
(53, 154, 'Time'),
(54, 103, 'Output'),
(54, 115, 'Precondition'),
(54, 122, 'Output'),
(54, 128, 'Resource'),
(54, 130, 'Input'),
(54, 139, 'Control'),
(54, 141, 'Precondition'),
(54, 147, 'Resource'),
(54, 152, 'Output'),
(55, 114, 'Input'),
(55, 120, 'Output'),
(55, 121, 'Output'),
(55, 126, 'Input'),
(55, 147, 'Resource'),
(55, 160, 'Output'),
(56, 124, 'Output'),
(57, 409, 'Output'),
(58, 409, 'Input'),
(62, 162, 'Input'),
(62, 163, 'Output'),
(62, 164, 'Control'),
(62, 165, 'Input'),
(63, 162, 'Output'),
(64, 165, 'Output'),
(65, 163, 'Input'),
(71, 181, 'Input'),
(71, 182, 'Output'),
(71, 187, 'Resource'),
(72, 182, 'Input'),
(72, 183, 'Output'),
(72, 184, 'Output'),
(72, 185, 'Output'),
(72, 186, 'Output'),
(72, 187, 'Resource'),
(72, 188, 'Resource'),
(72, 189, 'Time'),
(72, 190, 'Time'),
(72, 191, 'Control'),
(72, 192, 'Control'),
(72, 193, 'Control'),
(73, 187, 'Output'),
(74, 194, 'Input'),
(74, 195, 'Output'),
(74, 200, 'Resource'),
(75, 195, 'Input'),
(75, 196, 'Output'),
(75, 197, 'Output'),
(75, 198, 'Output'),
(75, 199, 'Output'),
(75, 200, 'Resource'),
(75, 204, 'Resource'),
(75, 205, 'Time'),
(75, 206, 'Time'),
(75, 207, 'Control'),
(75, 208, 'Control'),
(75, 209, 'Control'),
(76, 200, 'Output'),
(88, 245, 'Input'),
(88, 246, 'Output'),
(88, 247, 'Output'),
(88, 248, 'Output'),
(88, 249, 'Precondition'),
(88, 250, 'Resource'),
(88, 251, 'Resource'),
(88, 252, 'Resource'),
(88, 253, 'Control'),
(88, 254, 'Control'),
(89, 246, 'Input'),
(90, 247, 'Input'),
(91, 248, 'Input'),
(94, 271, 'Output'),
(94, 279, 'Input'),
(95, 272, 'Input'),
(95, 273, 'Output'),
(95, 276, 'Output'),
(95, 287, 'Precondition'),
(95, 294, 'Precondition'),
(95, 307, 'Resource'),
(95, 309, 'Output'),
(95, 315, 'Output'),
(95, 316, 'Resource'),
(95, 317, 'Precondition'),
(95, 318, 'Control'),
(95, 320, 'Control'),
(95, 321, 'Resource'),
(95, 325, 'Resource'),
(95, 326, 'Precondition'),
(95, 327, 'Control'),
(95, 328, 'Control'),
(95, 336, 'Resource'),
(96, 274, 'Input'),
(96, 276, 'Input'),
(96, 278, 'Resource'),
(96, 281, 'Input'),
(96, 288, 'Control'),
(96, 291, 'Output'),
(96, 307, 'Resource'),
(96, 308, 'Output'),
(96, 318, 'Output'),
(96, 320, 'Precondition'),
(96, 323, 'Output'),
(96, 326, 'Resource'),
(97, 271, 'Input'),
(97, 274, 'Control'),
(97, 319, 'Output'),
(97, 329, 'Resource'),
(97, 330, 'Resource'),
(97, 337, 'Output'),
(98, 274, 'Output'),
(98, 280, 'Input'),
(98, 288, 'Resource'),
(99, 274, 'Input'),
(99, 288, 'Input'),
(99, 289, 'Input'),
(99, 298, 'Output'),
(99, 298, 'Resource'),
(99, 316, 'Precondition'),
(99, 336, 'Output'),
(100, 271, 'Input'),
(100, 272, 'Output'),
(100, 274, 'Resource'),
(100, 275, 'Output'),
(100, 281, 'Input'),
(100, 282, 'Input'),
(100, 285, 'Input'),
(100, 286, 'Output'),
(100, 287, 'Input'),
(100, 289, 'Output'),
(100, 290, 'Output'),
(100, 292, 'Input'),
(100, 294, 'Input'),
(100, 294, 'Resource'),
(100, 295, 'Output'),
(100, 300, 'Input'),
(100, 302, 'Output'),
(100, 303, 'Input'),
(100, 304, 'Input'),
(100, 307, 'Resource'),
(100, 310, 'Input'),
(100, 312, 'Resource'),
(100, 313, 'Input'),
(100, 314, 'Input'),
(100, 319, 'Resource'),
(100, 322, 'Output'),
(100, 324, 'Resource'),
(100, 326, 'Resource'),
(100, 327, 'Control'),
(100, 328, 'Control'),
(100, 331, 'Resource'),
(100, 332, 'Resource'),
(100, 333, 'Output'),
(101, 277, 'Input'),
(101, 278, 'Output'),
(101, 281, 'Output'),
(101, 300, 'Input'),
(101, 301, 'Input'),
(101, 306, 'Output'),
(101, 307, 'Output'),
(101, 308, 'Input'),
(101, 310, 'Input'),
(101, 316, 'Resource'),
(101, 320, 'Precondition'),
(101, 323, 'Time'),
(101, 326, 'Resource'),
(101, 336, 'Precondition'),
(102, 286, 'Input'),
(102, 287, 'Output'),
(102, 296, 'Output'),
(102, 312, 'Output'),
(102, 313, 'Output'),
(102, 316, 'Resource'),
(102, 322, 'Time'),
(103, 275, 'Input'),
(103, 306, 'Input'),
(103, 316, 'Output'),
(104, 273, 'Input'),
(104, 277, 'Output'),
(104, 282, 'Output'),
(104, 284, 'Output'),
(104, 285, 'Output'),
(104, 287, 'Precondition'),
(104, 307, 'Resource'),
(104, 318, 'Control'),
(104, 320, 'Precondition'),
(104, 326, 'Resource'),
(104, 336, 'Precondition'),
(104, 336, 'Resource'),
(105, 272, 'Resource'),
(105, 293, 'Output'),
(105, 305, 'Output'),
(105, 315, 'Resource'),
(105, 318, 'Control'),
(105, 329, 'Output'),
(105, 334, 'Resource'),
(105, 335, 'Resource'),
(106, 278, 'Input'),
(106, 279, 'Output'),
(106, 280, 'Output'),
(106, 284, 'Input'),
(106, 291, 'Input'),
(106, 292, 'Output'),
(106, 296, 'Input'),
(106, 297, 'Input'),
(106, 298, 'Input'),
(106, 299, 'Input'),
(107, 282, 'Input'),
(107, 290, 'Input'),
(107, 317, 'Output'),
(107, 338, 'Output'),
(108, 271, 'Input'),
(108, 272, 'Resource'),
(108, 277, 'Input'),
(108, 284, 'Resource'),
(108, 302, 'Control'),
(108, 302, 'Input'),
(108, 307, 'Input'),
(108, 312, 'Input'),
(108, 313, 'Input'),
(108, 326, 'Resource'),
(108, 334, 'Output'),
(108, 335, 'Output'),
(108, 339, 'Resource'),
(109, 274, 'Input'),
(109, 288, 'Resource'),
(109, 302, 'Input'),
(109, 320, 'Output'),
(110, 283, 'Output'),
(110, 321, 'Output'),
(110, 324, 'Output'),
(110, 325, 'Output'),
(111, 283, 'Input'),
(111, 302, 'Resource'),
(111, 304, 'Output'),
(111, 310, 'Output'),
(111, 311, 'Input'),
(111, 326, 'Resource'),
(111, 337, 'Resource'),
(112, 302, 'Input'),
(112, 311, 'Output'),
(112, 320, 'Control'),
(112, 321, 'Resource'),
(112, 326, 'Output'),
(112, 338, 'Precondition'),
(113, 288, 'Output'),
(113, 327, 'Output'),
(113, 328, 'Output'),
(114, 330, 'Output'),
(115, 294, 'Output'),
(115, 295, 'Input'),
(115, 297, 'Output'),
(115, 314, 'Output'),
(115, 316, 'Resource'),
(115, 332, 'Output'),
(115, 333, 'Time'),
(116, 294, 'Precondition'),
(116, 301, 'Output'),
(116, 307, 'Resource'),
(116, 309, 'Input'),
(116, 318, 'Control'),
(116, 320, 'Precondition'),
(116, 326, 'Resource'),
(116, 331, 'Output'),
(117, 293, 'Input'),
(117, 299, 'Output'),
(117, 300, 'Output'),
(117, 305, 'Input'),
(117, 326, 'Resource'),
(117, 339, 'Output'),
(118, 303, 'Output'),
(119, 359, 'Input'),
(119, 365, 'Output'),
(120, 355, 'Output'),
(120, 356, 'Output'),
(120, 360, 'Output'),
(120, 364, 'Output'),
(120, 365, 'Resource'),
(120, 367, 'Control'),
(121, 355, 'Input'),
(121, 357, 'Output'),
(121, 362, 'Input'),
(122, 356, 'Input'),
(122, 358, 'Output'),
(122, 363, 'Precondition'),
(123, 357, 'Input'),
(123, 358, 'Input'),
(123, 360, 'Input'),
(123, 361, 'Output'),
(128, 366, 'Resource'),
(128, 367, 'Output'),
(129, 369, 'Output'),
(129, 371, 'Input'),
(130, 369, 'Input'),
(130, 370, 'Output'),
(130, 371, 'Output'),
(131, 368, 'Output'),
(131, 370, 'Input'),
(138, 383, 'Output'),
(138, 384, 'Output'),
(138, 385, 'Output'),
(139, 387, 'Input'),
(139, 388, 'Output'),
(139, 389, 'Output'),
(139, 390, 'Output'),
(140, 385, 'Input'),
(140, 386, 'Output'),
(140, 388, 'Input'),
(141, 383, 'Input'),
(141, 384, 'Precondition'),
(141, 386, 'Precondition'),
(141, 387, 'Output'),
(142, 483, 'Input'),
(142, 484, 'Output'),
(142, 485, 'Output'),
(142, 493, 'Output'),
(142, 494, 'Output'),
(143, 485, 'Input'),
(143, 487, 'Precondition'),
(143, 498, 'Output'),
(144, 484, 'Input'),
(144, 488, 'Precondition'),
(144, 492, 'Output'),
(144, 495, 'Output'),
(144, 496, 'Output'),
(145, 486, 'Precondition'),
(145, 489, 'Precondition'),
(145, 491, 'Output'),
(145, 493, 'Input'),
(145, 494, 'Input'),
(145, 495, 'Resource'),
(146, 489, 'Output'),
(146, 494, 'Input'),
(146, 496, 'Resource'),
(146, 497, 'Output'),
(147, 490, 'Output'),
(147, 491, 'Input'),
(147, 491, 'Precondition'),
(147, 492, 'Input'),
(147, 492, 'Precondition'),
(147, 497, 'Input'),
(147, 498, 'Input'),
(151, 410, 'Output'),
(151, 418, 'Input'),
(152, 411, 'Input'),
(152, 412, 'Output'),
(152, 415, 'Output'),
(152, 426, 'Precondition'),
(152, 433, 'Precondition'),
(152, 446, 'Resource'),
(152, 448, 'Output'),
(152, 454, 'Output'),
(152, 455, 'Resource'),
(152, 456, 'Precondition'),
(152, 457, 'Control'),
(152, 459, 'Control'),
(152, 460, 'Resource'),
(152, 464, 'Resource'),
(152, 465, 'Precondition'),
(152, 466, 'Control'),
(152, 467, 'Control'),
(152, 475, 'Resource'),
(153, 413, 'Input'),
(153, 415, 'Input'),
(153, 417, 'Resource'),
(153, 420, 'Input'),
(153, 427, 'Control'),
(153, 430, 'Output'),
(153, 446, 'Resource'),
(153, 447, 'Output'),
(153, 457, 'Output'),
(153, 459, 'Precondition'),
(153, 462, 'Output'),
(153, 465, 'Resource'),
(154, 410, 'Input'),
(154, 413, 'Control'),
(154, 458, 'Output'),
(154, 468, 'Resource'),
(154, 469, 'Resource'),
(154, 476, 'Output'),
(155, 413, 'Output'),
(155, 419, 'Input'),
(155, 427, 'Resource'),
(156, 413, 'Input'),
(156, 427, 'Input'),
(156, 428, 'Input'),
(156, 437, 'Output'),
(156, 437, 'Resource'),
(156, 455, 'Precondition'),
(156, 475, 'Output'),
(157, 410, 'Input'),
(157, 411, 'Output'),
(157, 413, 'Resource'),
(157, 414, 'Output'),
(157, 420, 'Input'),
(157, 421, 'Input'),
(157, 424, 'Input'),
(157, 425, 'Output'),
(157, 426, 'Input'),
(157, 428, 'Output'),
(157, 429, 'Output'),
(157, 431, 'Input'),
(157, 433, 'Input'),
(157, 433, 'Resource'),
(157, 434, 'Output'),
(157, 439, 'Input'),
(157, 441, 'Output'),
(157, 442, 'Input'),
(157, 443, 'Input'),
(157, 446, 'Resource'),
(157, 449, 'Input'),
(157, 451, 'Resource'),
(157, 452, 'Input'),
(157, 453, 'Input'),
(157, 458, 'Resource'),
(157, 461, 'Output'),
(157, 463, 'Resource'),
(157, 465, 'Resource'),
(157, 466, 'Control'),
(157, 467, 'Control'),
(157, 470, 'Resource'),
(157, 471, 'Resource'),
(157, 472, 'Output'),
(158, 416, 'Input'),
(158, 417, 'Output'),
(158, 420, 'Output'),
(158, 439, 'Input'),
(158, 440, 'Input'),
(158, 445, 'Output'),
(158, 446, 'Output'),
(158, 447, 'Input'),
(158, 449, 'Input'),
(158, 455, 'Resource'),
(158, 459, 'Precondition'),
(158, 462, 'Time'),
(158, 465, 'Resource'),
(158, 475, 'Precondition'),
(159, 425, 'Input'),
(159, 426, 'Output'),
(159, 435, 'Output'),
(159, 451, 'Output'),
(159, 452, 'Output'),
(159, 455, 'Resource'),
(159, 461, 'Time'),
(160, 414, 'Input'),
(160, 445, 'Input'),
(160, 455, 'Output'),
(161, 412, 'Input'),
(161, 416, 'Output'),
(161, 421, 'Output'),
(161, 423, 'Output'),
(161, 424, 'Output'),
(161, 426, 'Precondition'),
(161, 446, 'Resource'),
(161, 457, 'Control'),
(161, 459, 'Precondition'),
(161, 465, 'Resource'),
(161, 475, 'Precondition'),
(161, 475, 'Resource'),
(162, 411, 'Resource'),
(162, 432, 'Output'),
(162, 444, 'Output'),
(162, 454, 'Resource'),
(162, 457, 'Control'),
(162, 468, 'Output'),
(162, 473, 'Resource'),
(162, 474, 'Resource'),
(163, 417, 'Input'),
(163, 418, 'Output'),
(163, 419, 'Output'),
(163, 423, 'Input'),
(163, 430, 'Input'),
(163, 431, 'Output'),
(163, 435, 'Input'),
(163, 436, 'Input'),
(163, 437, 'Input'),
(163, 438, 'Input'),
(164, 421, 'Input'),
(164, 429, 'Input'),
(164, 456, 'Output'),
(164, 477, 'Output'),
(165, 410, 'Input'),
(165, 411, 'Resource'),
(165, 416, 'Input'),
(165, 423, 'Resource'),
(165, 441, 'Control'),
(165, 441, 'Input'),
(165, 446, 'Input'),
(165, 451, 'Input'),
(165, 452, 'Input'),
(165, 465, 'Resource'),
(165, 473, 'Output'),
(165, 474, 'Output'),
(165, 478, 'Resource'),
(166, 413, 'Input'),
(166, 427, 'Resource'),
(166, 441, 'Input'),
(166, 459, 'Output'),
(167, 422, 'Output'),
(167, 460, 'Output'),
(167, 463, 'Output'),
(167, 464, 'Output'),
(168, 422, 'Input'),
(168, 441, 'Resource'),
(168, 443, 'Output'),
(168, 449, 'Output'),
(168, 450, 'Input'),
(168, 465, 'Resource'),
(168, 476, 'Resource'),
(169, 441, 'Input'),
(169, 450, 'Output'),
(169, 459, 'Control'),
(169, 460, 'Resource'),
(169, 465, 'Output'),
(169, 477, 'Precondition'),
(170, 427, 'Output'),
(170, 466, 'Output'),
(170, 467, 'Output'),
(171, 469, 'Output'),
(172, 433, 'Output'),
(172, 434, 'Input'),
(172, 436, 'Output'),
(172, 453, 'Output'),
(172, 455, 'Resource'),
(172, 471, 'Output'),
(172, 472, 'Time'),
(173, 421, 'Output'),
(173, 433, 'Precondition'),
(173, 440, 'Output'),
(173, 446, 'Resource'),
(173, 448, 'Input'),
(173, 457, 'Control'),
(173, 459, 'Precondition'),
(173, 465, 'Resource'),
(173, 470, 'Output'),
(174, 432, 'Input'),
(174, 438, 'Output'),
(174, 439, 'Output'),
(174, 444, 'Input'),
(174, 465, 'Resource'),
(174, 478, 'Output'),
(175, 442, 'Output'),
(183, 505, 'Output'),
(184, 503, 'Output'),
(185, 504, 'Output'),
(190, 503, 'Input'),
(190, 504, 'Input'),
(190, 505, 'Input'),
(190, 506, 'Output'),
(224, 579, 'Output'),
(224, 581, 'Input'),
(225, 579, 'Input'),
(225, 580, 'Output'),
(225, 581, 'Output'),
(225, 582, 'Resource'),
(226, 578, 'Output'),
(226, 580, 'Input'),
(253, 652, 'Output'),
(253, 653, 'Output'),
(253, 654, 'Output'),
(254, 656, 'Input'),
(254, 657, 'Output'),
(254, 658, 'Output'),
(254, 659, 'Output'),
(255, 654, 'Input'),
(255, 655, 'Output'),
(255, 657, 'Input'),
(256, 652, 'Input'),
(256, 653, 'Precondition'),
(256, 655, 'Precondition'),
(256, 656, 'Output'),
(258, 662, 'Input'),
(258, 664, 'Output'),
(259, 665, 'Input'),
(260, 663, 'Output'),
(261, 663, 'Precondition'),
(261, 664, 'Input'),
(261, 665, 'Output'),
(262, 666, 'Resource'),
(262, 667, 'Output'),
(262, 668, 'Input'),
(262, 670, 'Resource'),
(263, 666, 'Output'),
(263, 667, 'Input'),
(264, 668, 'Output'),
(264, 669, 'Input'),
(265, 670, 'Output'),
(266, 673, 'Input'),
(266, 674, 'Output'),
(266, 675, 'Resource'),
(266, 676, 'Resource'),
(266, 677, 'Control'),
(266, 678, 'Control'),
(266, 679, 'Time'),
(266, 680, 'Time'),
(266, 681, 'Precondition'),
(266, 682, 'Precondition'),
(267, 671, 'Input'),
(267, 672, 'Input'),
(267, 673, 'Output'),
(272, 697, 'Output'),
(272, 698, 'Time'),
(272, 699, 'Control'),
(273, 698, 'Output'),
(277, 700, 'Output'),
(279, 700, 'Control'),
(280, 701, 'Output'),
(280, 709, 'Input'),
(281, 702, 'Input'),
(281, 703, 'Output'),
(281, 706, 'Output'),
(281, 717, 'Precondition'),
(281, 724, 'Precondition'),
(281, 737, 'Resource'),
(281, 739, 'Output'),
(281, 745, 'Output'),
(281, 746, 'Resource'),
(281, 747, 'Precondition'),
(281, 748, 'Control'),
(281, 750, 'Control'),
(281, 751, 'Resource'),
(281, 755, 'Resource'),
(281, 756, 'Precondition'),
(281, 757, 'Control'),
(281, 758, 'Control'),
(281, 766, 'Resource'),
(282, 704, 'Input'),
(282, 706, 'Input'),
(282, 708, 'Resource'),
(282, 711, 'Input'),
(282, 718, 'Control'),
(282, 721, 'Output'),
(282, 737, 'Resource'),
(282, 738, 'Output'),
(282, 748, 'Output'),
(282, 750, 'Precondition'),
(282, 753, 'Output'),
(282, 756, 'Resource'),
(283, 701, 'Input'),
(283, 704, 'Control'),
(283, 749, 'Output'),
(283, 759, 'Resource'),
(283, 760, 'Resource'),
(283, 767, 'Output'),
(284, 704, 'Output'),
(284, 710, 'Input'),
(284, 718, 'Resource'),
(285, 704, 'Input'),
(285, 718, 'Input'),
(285, 719, 'Input'),
(285, 728, 'Output'),
(285, 728, 'Resource'),
(285, 746, 'Precondition'),
(285, 766, 'Output'),
(286, 701, 'Input'),
(286, 702, 'Output'),
(286, 704, 'Resource'),
(286, 705, 'Output'),
(286, 711, 'Input'),
(286, 712, 'Input'),
(286, 715, 'Input'),
(286, 716, 'Output'),
(286, 717, 'Input'),
(286, 719, 'Output'),
(286, 720, 'Output'),
(286, 722, 'Input'),
(286, 724, 'Input'),
(286, 724, 'Resource'),
(286, 725, 'Output'),
(286, 730, 'Input'),
(286, 732, 'Output'),
(286, 733, 'Input'),
(286, 734, 'Input'),
(286, 737, 'Resource'),
(286, 740, 'Input'),
(286, 742, 'Resource'),
(286, 743, 'Input'),
(286, 744, 'Input'),
(286, 749, 'Resource'),
(286, 752, 'Output'),
(286, 754, 'Resource'),
(286, 756, 'Resource'),
(286, 757, 'Control'),
(286, 758, 'Control'),
(286, 761, 'Resource'),
(286, 762, 'Resource'),
(286, 763, 'Output'),
(287, 707, 'Input'),
(287, 708, 'Output'),
(287, 711, 'Output'),
(287, 730, 'Input'),
(287, 731, 'Input'),
(287, 736, 'Output'),
(287, 737, 'Output'),
(287, 738, 'Input'),
(287, 740, 'Input'),
(287, 746, 'Resource'),
(287, 750, 'Precondition'),
(287, 753, 'Time'),
(287, 756, 'Resource'),
(287, 766, 'Precondition'),
(288, 716, 'Input'),
(288, 717, 'Output'),
(288, 726, 'Output'),
(288, 742, 'Output'),
(288, 743, 'Output'),
(288, 746, 'Resource'),
(288, 752, 'Time'),
(289, 705, 'Input'),
(289, 736, 'Input'),
(289, 746, 'Output'),
(290, 703, 'Input'),
(290, 707, 'Output'),
(290, 712, 'Output'),
(290, 714, 'Output'),
(290, 715, 'Output'),
(290, 717, 'Precondition'),
(290, 737, 'Resource'),
(290, 748, 'Control'),
(290, 750, 'Precondition'),
(290, 756, 'Resource'),
(290, 766, 'Precondition'),
(290, 766, 'Resource'),
(291, 702, 'Resource'),
(291, 723, 'Output'),
(291, 735, 'Output'),
(291, 745, 'Resource'),
(291, 748, 'Control'),
(291, 759, 'Output'),
(291, 764, 'Resource'),
(291, 765, 'Resource'),
(292, 708, 'Input'),
(292, 709, 'Output'),
(292, 710, 'Output'),
(292, 714, 'Input'),
(292, 721, 'Input'),
(292, 722, 'Output'),
(292, 726, 'Input'),
(292, 727, 'Input'),
(292, 728, 'Input'),
(292, 729, 'Input'),
(293, 712, 'Input'),
(293, 720, 'Input'),
(293, 747, 'Output'),
(293, 768, 'Output'),
(294, 701, 'Input'),
(294, 702, 'Resource'),
(294, 707, 'Input'),
(294, 714, 'Resource'),
(294, 732, 'Control'),
(294, 732, 'Input'),
(294, 737, 'Input'),
(294, 742, 'Input'),
(294, 743, 'Input'),
(294, 756, 'Resource'),
(294, 764, 'Output'),
(294, 765, 'Output'),
(294, 769, 'Resource'),
(295, 704, 'Input'),
(295, 718, 'Resource'),
(295, 732, 'Input'),
(295, 750, 'Output'),
(296, 713, 'Output'),
(296, 751, 'Output'),
(296, 754, 'Output'),
(296, 755, 'Output'),
(297, 713, 'Input'),
(297, 732, 'Resource'),
(297, 734, 'Output'),
(297, 740, 'Output'),
(297, 741, 'Input'),
(297, 756, 'Resource'),
(297, 767, 'Resource'),
(298, 732, 'Input'),
(298, 741, 'Output'),
(298, 750, 'Control'),
(298, 751, 'Resource'),
(298, 756, 'Output'),
(298, 768, 'Precondition'),
(299, 718, 'Output'),
(299, 757, 'Output'),
(299, 758, 'Output'),
(300, 760, 'Output'),
(301, 724, 'Output'),
(301, 725, 'Input'),
(301, 727, 'Output'),
(301, 744, 'Output'),
(301, 746, 'Resource'),
(301, 762, 'Output'),
(301, 763, 'Time'),
(302, 724, 'Precondition'),
(302, 731, 'Output'),
(302, 737, 'Resource'),
(302, 739, 'Input'),
(302, 748, 'Control'),
(302, 750, 'Precondition'),
(302, 756, 'Resource'),
(302, 761, 'Output'),
(303, 723, 'Input'),
(303, 729, 'Output'),
(303, 730, 'Output'),
(303, 735, 'Input'),
(303, 756, 'Resource'),
(303, 769, 'Output'),
(304, 733, 'Output'),
(305, 772, 'Control'),
(305, 772, 'Input'),
(305, 773, 'Output'),
(305, 774, 'Resource'),
(305, 775, 'Resource'),
(305, 776, 'Control'),
(305, 777, 'Control'),
(305, 778, 'Time'),
(305, 779, 'Time'),
(305, 780, 'Precondition'),
(305, 781, 'Precondition'),
(305, 783, 'Time'),
(306, 770, 'Input'),
(306, 771, 'Input'),
(306, 772, 'Output'),
(306, 774, 'Precondition'),
(306, 782, 'Output'),
(307, 772, 'Input'),
(308, 782, 'Input'),
(308, 783, 'Output');

-- --------------------------------------------------------

--
-- Struttura della tabella `model`
--

CREATE TABLE IF NOT EXISTS `model` (
  `id` int(11) NOT NULL AUTO_INCREMENT,
  `objective` text NOT NULL,
  `description` text,
  `type` varchar(20) DEFAULT NULL,
  `size` int(11) NOT NULL,
  `date_create` timestamp NULL DEFAULT NULL,
  `date_last_modify` timestamp NULL DEFAULT NULL,
  `idUser` int(11) DEFAULT NULL,
  PRIMARY KEY (`id`),
  KEY `UserIndex` (`idUser`)
) ENGINE=InnoDB  DEFAULT CHARSET=latin1 AUTO_INCREMENT=40 ;

--
-- Dump dei dati per la tabella `model`
--

INSERT INTO `model` (`id`, `objective`, `description`, `type`, `size`, `date_create`, `date_last_modify`, `idUser`) VALUES
(9, 'FMV 2 functions example.', 'FMV file: FMV_ex2.xml', 'private', 2, '2016-02-10 10:58:54', '2016-02-10 10:58:54', 3),
(10, 'FMV 1 function example', 'FMV file: file:/D:/xampp/htdocs/SmartDS/WebContent/data/FMV_ex1.xml', 'private', 1, '2016-02-10 10:59:21', '2016-02-10 10:59:21', 3),
(12, 'FMV file: file:/D:/xampp/htdocs/SmartDS/WebContent/data/BEsystem12.xfmv', 'FMV file: file:/D:/xampp/htdocs/SmartDS/WebContent/data/BEsystem12.xfmv', 'private', 25, '2016-03-04 09:51:00', '2016-03-04 09:51:00', 3),
(13, 'Operations Room', '', 'private', 5, '2016-03-21 15:58:16', '2016-06-06 16:52:00', 5),
(14, 'Book Lending', 'Example of book lending by a library.', 'private', 1, '2016-03-22 14:58:45', '2016-03-22 14:58:45', 5),
(18, 'Example with 3 nodes', 'AN example extracted from ne of Hollnagel with three nodes.', 'private', 1, '2016-03-23 16:45:31', '2016-03-23 16:45:31', 5),
(19, 'Model Loaded', 'Model example from Hollnagel\n', 'private', 1, '2016-03-23 20:36:23', '2016-06-06 20:25:02', 5),
(21, 'Gestione Incidente Stradale - Fi', 'Modello per intervento su incidente', 'private', 8, '2016-04-28 10:56:32', '2016-06-16 17:13:31', 5),
(22, 'VVF Gestione Intervento', 'Gestione di un intervento dei VVF. \nDalla richiesta di soccorso al soccorso vero e proprio.\nComando in esempio - Bologna.', 'private', 4, '2016-04-24 14:17:48', '2016-04-24 14:17:48', 5),
(24, 'Resolute Model', 'Modello di prova by resolute\n', 'private', 29, '2016-04-27 16:13:41', '2016-04-27 16:23:06', 5),
(25, 'Macchina Caffè - Esempio classico.', 'Esempio classico di funzionamento di una macchina per i caffé.', 'private', 11, '2016-04-29 17:13:59', '2016-05-03 14:18:00', 5),
(26, 'Esempio Ciclo', 'Esempio di uso, Ciclo di FRAM\n', 'private', 3, '2016-05-06 09:28:38', '2016-05-06 09:28:38', 5),
(27, 'Test ciclo 2', 'Prova di un ciclo particolare\n', 'private', 4, '2016-05-12 14:48:23', '2016-05-16 13:19:23', 5),
(29, 'Function with no inputs provided', 'New Model', 'private', 10, '2016-07-15 14:28:20', '2016-07-15 14:29:40', 5),
(30, 'New FRAM''s Model', 'New FRAM''s Model Description', 'private', 1, '2016-06-06 17:05:19', '2016-06-06 17:05:19', 5),
(31, 'FMV Model', 'FMV Model', 'private', 25, '2016-06-06 20:17:26', '2016-06-06 20:17:26', 5),
(32, 'Emergency Managment', 'Simple Managment of an emergency about a rescue corp', 'private', 4, '2016-07-08 15:40:22', '2016-07-08 15:43:16', 5),
(33, 'Emergency Call Management', 'Emergency for a call of car accident', 'private', 5, '2016-06-17 12:20:58', '2016-07-08 13:10:49', 5),
(34, 'General Behavior', 'General Behavior for ResilienceDS with inputs', 'private', 9, '2016-06-18 15:18:57', '2016-06-18 15:35:06', 5),
(35, 'Esempio CLonato', 'First Function for the model: Esempio Ciclo', 'private', 4, '2016-07-01 13:09:02', '2016-07-01 13:20:18', 5),
(36, 'CLONED - FMV Model', 'Define the organizational intent, Forecast operational and management needs, and produce long-term allocation of resources accordingly', 'private', 29, '2016-07-01 13:26:05', '2016-07-22 15:38:23', 5),
(37, 'CLONED - Test ciclo 2', 'Prova di un ciclo particolare\n', 'private', 1, '2016-07-01 13:50:51', '2016-07-01 13:50:51', 5),
(38, 'General Emergency', 'USer case- General Emergency\n', 'private', 2, '2016-07-10 21:01:09', '2016-07-10 21:01:09', 5),
(39, 'CLONED - General Emergency', 'First Function for the model: General Emergency', 'private', 6, '2016-07-14 10:22:27', '2016-08-05 13:46:34', 5);

-- --------------------------------------------------------

--
-- Struttura della tabella `model_function`
--

CREATE TABLE IF NOT EXISTS `model_function` (
  `idInstance` int(11) NOT NULL,
  `idFunction` int(11) NOT NULL,
  `time_precision` int(11) DEFAULT NULL,
  `potential_precision` int(11) DEFAULT NULL,
  `function_manager` int(11) DEFAULT NULL,
  PRIMARY KEY (`idInstance`,`idFunction`),
  KEY `idFunction` (`idFunction`)
) ENGINE=InnoDB DEFAULT CHARSET=latin1;

--
-- Dump dei dati per la tabella `model_function`
--

INSERT INTO `model_function` (`idInstance`, `idFunction`, `time_precision`, `potential_precision`, `function_manager`) VALUES
(10, 50, 1, -1, 1),
(10, 51, -1, -1, 2),
(10, 52, -1, -1, 0),
(11, 57, 1, 0, 1),
(11, 58, 2, 1, 2),
(11, 59, -1, -1, 0),
(11, 60, -1, -1, 0),
(11, 61, -1, -1, 0),
(13, 62, 2, -1, 2),
(13, 63, 0, -1, 0),
(13, 64, 1, -1, 1),
(13, 65, -1, -1, 0),
(13, 66, -1, 0, 0),
(14, 74, 1, -1, 1),
(14, 75, 2, 2, 1),
(14, 76, -1, -1, 0),
(14, 77, -1, -1, 2),
(14, 78, -1, -1, 0),
(15, 62, 1, -1, 0),
(15, 63, 2, -1, 1),
(15, 64, -1, -1, 0),
(15, 65, -1, -1, 0),
(15, 66, -1, -1, 0),
(17, 94, -1, -1, 0),
(17, 95, -1, -1, 0),
(17, 96, -1, -1, 0),
(17, 97, -1, -1, 0),
(17, 98, -1, -1, 0),
(17, 99, -1, -1, 0),
(17, 100, -1, -1, 0),
(17, 101, -1, -1, 0),
(17, 102, -1, -1, 0),
(17, 103, -1, -1, 0),
(17, 104, -1, -1, 0),
(17, 105, -1, -1, 0),
(17, 106, -1, -1, 0),
(17, 107, -1, -1, 0),
(17, 108, -1, -1, 0),
(17, 109, -1, -1, 0),
(17, 110, -1, -1, 0),
(17, 111, -1, -1, 0),
(17, 112, -1, -1, 0),
(17, 113, -1, -1, 0),
(17, 114, -1, -1, 0),
(17, 115, -1, -1, 0),
(17, 116, -1, -1, 0),
(17, 117, -1, -1, 0),
(17, 118, -1, -1, 0),
(18, 119, 3, -1, 3),
(18, 120, -1, -1, 0),
(18, 121, 2, -1, 0),
(18, 122, 2, -1, 0),
(18, 123, 2, -1, 0),
(18, 128, -1, -1, 0),
(19, 142, -1, -1, 2),
(19, 143, -1, -1, 0),
(19, 144, -1, -1, 0),
(19, 145, -1, -1, 0),
(19, 146, -1, -1, 0),
(19, 147, -1, -1, 0),
(20, 151, -1, -1, 2),
(20, 152, -1, -1, 1),
(20, 153, -1, -1, 2),
(20, 154, -1, -1, 2),
(20, 165, -1, -1, 2),
(20, 169, 1, -1, 1),
(20, 170, -1, -1, 2),
(20, 171, -1, -1, 0),
(21, 183, -1, -1, 1),
(21, 184, -1, 1, 0),
(21, 185, 0, -1, 0),
(21, 187, -1, -1, 0),
(21, 188, -1, -1, 0),
(21, 189, 1, -1, 0),
(21, 190, -1, -1, 0),
(22, 305, -1, -1, 0),
(22, 306, -1, -1, 0),
(22, 307, 3, -1, 0),
(22, 308, -1, -1, 0),
(22, 309, 0, -1, 0);

-- --------------------------------------------------------

--
-- Struttura della tabella `model_instance`
--

CREATE TABLE IF NOT EXISTS `model_instance` (
  `id` int(11) NOT NULL,
  `description` text NOT NULL,
  `idUser` int(11) NOT NULL,
  `idModel` int(11) NOT NULL,
  `date_create` timestamp NULL DEFAULT NULL,
  `date_last_modify` timestamp NULL DEFAULT NULL,
  PRIMARY KEY (`id`),
  KEY `UserIndex` (`idUser`),
  KEY `ModelIndex` (`idModel`)
) ENGINE=InnoDB DEFAULT CHARSET=latin1;

--
-- Dump dei dati per la tabella `model_instance`
--

INSERT INTO `model_instance` (`id`, `description`, `idUser`, `idModel`, `date_create`, `date_last_modify`) VALUES
(10, '', 3, 12, '2016-03-04 09:51:00', '2016-03-04 09:51:00'),
(11, 'SDsds', 5, 13, '2016-04-04 13:22:29', '2016-04-04 13:22:29'),
(12, 'Test', 5, 13, '2016-03-22 11:50:22', '2016-03-22 11:50:22'),
(13, 'Lend delay', 5, 14, '2016-04-04 13:23:55', '2016-04-04 13:23:55'),
(14, 'Instance for patient', 5, 19, '2016-05-02 14:07:53', '2016-05-02 14:07:53'),
(15, 'Istance Test', 5, 14, '2016-03-23 20:41:26', '2016-03-23 20:41:26'),
(17, 'New Instance', 5, 24, '2016-05-02 12:55:38', '2016-05-02 12:55:38'),
(18, 'water malfunctioning', 5, 25, '2016-05-03 14:31:46', '2016-05-03 14:31:46'),
(19, 'Caso 115 su un altro intervento', 5, 21, '2016-05-19 19:57:05', '2016-05-19 19:57:05'),
(20, 'New Instance', 5, 31, '2016-06-06 20:17:26', '2016-06-06 20:17:26'),
(21, 'Anomalies detected', 5, 34, '2016-06-18 15:41:14', '2016-06-18 15:41:14'),
(22, 'rerr', 5, 39, '2016-08-12 12:55:38', '2016-08-12 12:55:38');

-- --------------------------------------------------------

--
-- Struttura della tabella `permit`
--

CREATE TABLE IF NOT EXISTS `permit` (
  `id` int(11) NOT NULL AUTO_INCREMENT,
  `description` text NOT NULL,
  `type` int(11) NOT NULL,
  PRIMARY KEY (`id`)
) ENGINE=InnoDB  DEFAULT CHARSET=latin1 AUTO_INCREMENT=16 ;

--
-- Dump dei dati per la tabella `permit`
--

INSERT INTO `permit` (`id`, `description`, `type`) VALUES
(1, 'Visualizzazione di tutti i modelli', 0),
(2, 'Creazione di un nuovo modello', 0),
(3, 'Modifica modello', 0),
(4, 'Salvataggio modello', 0),
(5, 'Clonazione modello', 0),
(6, 'Eliminazione modello', 0),
(7, 'Visualizzazione istanze modello', 1),
(8, 'Creazione nuova istanza', 1),
(9, 'Modifica istanza modello', 1),
(10, 'Salvataggio istanza modello', 1),
(11, 'Eliminazione istanza', 1),
(12, 'Calcolo decisione', 1),
(13, 'Impostazioni applicazione', 2),
(14, 'Gestione permessi gruppi di utenti', 2),
(15, 'Clonazione istanza modello', 1);

-- --------------------------------------------------------

--
-- Struttura della tabella `user`
--

CREATE TABLE IF NOT EXISTS `user` (
  `id` int(11) NOT NULL AUTO_INCREMENT,
  `name` text NOT NULL,
  `email` text NOT NULL,
  `country` text NOT NULL,
  `password` text NOT NULL,
  `userType` int(11) NOT NULL,
  PRIMARY KEY (`id`),
  KEY `UserGroupIndex` (`userType`)
) ENGINE=InnoDB  DEFAULT CHARSET=latin1 AUTO_INCREMENT=6 ;

--
-- Dump dei dati per la tabella `user`
--

INSERT INTO `user` (`id`, `name`, `email`, `country`, `password`, `userType`) VALUES
(1, 'admin', 'admin@disit.org', 'Italia', '*d1s1t*', 4),
(2, 'marco', 'marco.bartolozzi@unifi.it', 'Italia', 'marco1234', 3),
(3, 'Paolo', 'paolo.nesi@unifi.it', 'Italia', 'paolo', 3),
(4, 'Luca', 'luca.santi@unifi.it', 'Italia', 'luca1234', 3),
(5, 'disit', 'alexraz@hotmail.it', 'Italia', '*d1s1t*', 4);

-- --------------------------------------------------------

--
-- Struttura della tabella `usergroup_permits`
--

CREATE TABLE IF NOT EXISTS `usergroup_permits` (
  `idUserGroup` int(11) NOT NULL,
  `idPermit` int(11) NOT NULL,
  KEY `UserGroupIndex` (`idUserGroup`),
  KEY `PermitIndex` (`idPermit`)
) ENGINE=InnoDB DEFAULT CHARSET=latin1;

--
-- Dump dei dati per la tabella `usergroup_permits`
--

INSERT INTO `usergroup_permits` (`idUserGroup`, `idPermit`) VALUES
(1, 1),
(1, 7),
(4, 1),
(4, 2),
(4, 3),
(4, 4),
(4, 5),
(4, 6),
(4, 7),
(4, 8),
(4, 9),
(4, 10),
(4, 11),
(4, 12),
(4, 13),
(4, 14),
(2, 1),
(2, 7),
(2, 9),
(2, 12),
(2, 15),
(3, 1),
(3, 2),
(3, 3),
(3, 4),
(3, 5),
(3, 6),
(3, 7),
(3, 8),
(3, 9),
(3, 10),
(3, 11),
(3, 12),
(3, 15);

-- --------------------------------------------------------

--
-- Struttura della tabella `user_group`
--

CREATE TABLE IF NOT EXISTS `user_group` (
  `id` int(11) NOT NULL AUTO_INCREMENT,
  `description` text NOT NULL,
  PRIMARY KEY (`id`)
) ENGINE=InnoDB  DEFAULT CHARSET=latin1 AUTO_INCREMENT=5 ;

--
-- Dump dei dati per la tabella `user_group`
--

INSERT INTO `user_group` (`id`, `description`) VALUES
(1, 'User Basic'),
(2, 'User Advanced'),
(3, 'Decision Maker'),
(4, 'Administrator');

--
-- Limiti per le tabelle scaricate
--

--
-- Limiti per la tabella `aspect`
--
ALTER TABLE `aspect`
  ADD CONSTRAINT `aspect_ibfk_1` FOREIGN KEY (`idModel`) REFERENCES `model` (`id`) ON DELETE CASCADE;

--
-- Limiti per la tabella `framgroup`
--
ALTER TABLE `framgroup`
  ADD CONSTRAINT `framgroup_ibfk_1` FOREIGN KEY (`idModel`) REFERENCES `model` (`id`) ON DELETE CASCADE ON UPDATE CASCADE;

--
-- Limiti per la tabella `framgroup_function`
--
ALTER TABLE `framgroup_function`
  ADD CONSTRAINT `framgroup_function_ibfk_1` FOREIGN KEY (`idGroup`) REFERENCES `framgroup` (`id`) ON DELETE CASCADE ON UPDATE CASCADE,
  ADD CONSTRAINT `framgroup_function_ibfk_2` FOREIGN KEY (`idFunction`) REFERENCES `function` (`id`) ON DELETE CASCADE ON UPDATE CASCADE;

--
-- Limiti per la tabella `framgroup_hierarchy`
--
ALTER TABLE `framgroup_hierarchy`
  ADD CONSTRAINT `framgroup_hierarchy_ibfk_1` FOREIGN KEY (`idGroup_father`) REFERENCES `framgroup` (`id`) ON DELETE CASCADE ON UPDATE CASCADE,
  ADD CONSTRAINT `framgroup_hierarchy_ibfk_2` FOREIGN KEY (`idGroup_child`) REFERENCES `framgroup` (`id`) ON DELETE CASCADE ON UPDATE CASCADE;

--
-- Limiti per la tabella `function`
--
ALTER TABLE `function`
  ADD CONSTRAINT `function_ibfk_1` FOREIGN KEY (`idModel`) REFERENCES `model` (`id`) ON DELETE CASCADE;

--
-- Limiti per la tabella `function_aspect`
--
ALTER TABLE `function_aspect`
  ADD CONSTRAINT `function_aspect_ibfk_1` FOREIGN KEY (`idFunction`) REFERENCES `function` (`id`) ON DELETE CASCADE ON UPDATE CASCADE,
  ADD CONSTRAINT `function_aspect_ibfk_2` FOREIGN KEY (`idAspect`) REFERENCES `aspect` (`id`) ON DELETE CASCADE ON UPDATE CASCADE;

--
-- Limiti per la tabella `model`
--
ALTER TABLE `model`
  ADD CONSTRAINT `model_ibfk_1` FOREIGN KEY (`idUser`) REFERENCES `user` (`id`);

--
-- Limiti per la tabella `model_function`
--
ALTER TABLE `model_function`
  ADD CONSTRAINT `model_function_ibfk_1` FOREIGN KEY (`idInstance`) REFERENCES `model_instance` (`id`) ON DELETE CASCADE ON UPDATE CASCADE,
  ADD CONSTRAINT `model_function_ibfk_2` FOREIGN KEY (`idFunction`) REFERENCES `function` (`id`) ON DELETE CASCADE ON UPDATE CASCADE;

--
-- Limiti per la tabella `model_instance`
--
ALTER TABLE `model_instance`
  ADD CONSTRAINT `model_instance_ibfk_3` FOREIGN KEY (`idUser`) REFERENCES `user` (`id`) ON DELETE CASCADE,
  ADD CONSTRAINT `model_instance_ibfk_4` FOREIGN KEY (`idModel`) REFERENCES `model` (`id`) ON DELETE CASCADE;

--
-- Limiti per la tabella `user`
--
ALTER TABLE `user`
  ADD CONSTRAINT `user_ibfk_1` FOREIGN KEY (`userType`) REFERENCES `user_group` (`id`);

--
-- Limiti per la tabella `usergroup_permits`
--
ALTER TABLE `usergroup_permits`
  ADD CONSTRAINT `usergroup_permits_ibfk_1` FOREIGN KEY (`idUserGroup`) REFERENCES `user_group` (`id`),
  ADD CONSTRAINT `usergroup_permits_ibfk_2` FOREIGN KEY (`idPermit`) REFERENCES `permit` (`id`);

/*!40101 SET CHARACTER_SET_CLIENT=@OLD_CHARACTER_SET_CLIENT */;
/*!40101 SET CHARACTER_SET_RESULTS=@OLD_CHARACTER_SET_RESULTS */;
/*!40101 SET COLLATION_CONNECTION=@OLD_COLLATION_CONNECTION */;
